Service,Payment Group reference,Payment reference,CCD reference,Case reference,Payment created date,Payment status updated date,Payment status,Payment channel,Payment method,Payment amount,Site id,Fee code,Version,Calculated amount,Memo line,NAC,Fee volume
Civil Money Claims,2018-15315141651,RC-1531-5141-6519-2825,UNKNOWN,42716db4-fa1b-4dea-8ea7-7f3b8413a4f7,13 Jul 2018 20:36:05 UTC,14 Jul 2018 07:28:44 UTC,Failed,online,card,70.00,AA00,FEE0214,3,70.00,"GOV.UK Pay online claims - Money Claim £1000-1500",4481102133,1
Divorce,2018-15315309294,RC-1531-5309-2947-0195,1531530911558866,null,14 Jul 2018 01:15:29 UTC,14 Jul 2018 01:17:27 UTC,Failed,online,card,550.00,AA03,FEE0002,4,550.00,"GOV - App for divorce/nullity of marriage or CP",4481102159,1
Civil Money Claims,2018-15315267675,RC-1531-5267-6761-9085,UNKNOWN,c01c1f0d-803e-4973-858b-881fb04a4b54,14 Jul 2018 00:06:08 UTC,14 Jul 2018 00:07:06 UTC,Success,online,card,25.00,AA00,FEE0211,3,25.00,"GOV.UK Pay online claims - Money Claim £0-300",4481102133,1
Divorce,2018-15315314173,RC-1531-5314-1730-1095,1531530911558866,null,14 Jul 2018 01:23:37 UTC,14 Jul 2018 01:25:51 UTC,Success,online,card,550.00,AA03,FEE0002,4,550.00,"GOV - App for divorce/nullity of marriage or CP",4481102159,1
Divorce,2018-15315369792,RC-1531-5369-7926-4595,1531536901232891,null,14 Jul 2018 02:56:19 UTC,14 Jul 2018 03:03:02 UTC,Failed,online,card,550.00,AA01,FEE0002,4,550.00,"GOV - App for divorce/nullity of marriage or CP",4481102159,1
Divorce,2018-15315512693,RC-1531-5512-6948-7885,1531551059705010,null,14 Jul 2018 06:54:29 UTC,14 Jul 2018 06:56:32 UTC,Failed,online,card,550.00,AA03,FEE0002,4,550.00,"GOV - App for divorce/nullity of marriage or CP",4481102159,1
Divorce,2018-15315373876,RC-1531-5373-8767-0775,1531536901232891,null,14 Jul 2018 03:03:08 UTC,14 Jul 2018 03:05:20 UTC,Failed,online,card,550.00,AA01,FEE0002,4,550.00,"GOV - App for divorce/nullity of marriage or CP",4481102159,1
Divorce,2018-15315378472,RC-1531-5378-4728-0955,1531536901232891,null,14 Jul 2018 03:10:47 UTC,14 Jul 2018 03:13:04 UTC,Failed,online,card,550.00,AA01,FEE0002,4,550.00,"GOV - App for divorce/nullity of marriage or CP",4481102159,1
Divorce,2018-15315384442,RC-1531-5384-4421-8745,1531536901232891,null,14 Jul 2018 03:20:44 UTC,14 Jul 2018 03:22:23 UTC,Failed,online,card,550.00,AA01,FEE0002,4,550.00,"GOV - App for divorce/nullity of marriage or CP",4481102159,1
Divorce,2018-15315514068,RC-1531-5514-0687-5805,1531551059705010,null,14 Jul 2018 06:56:47 UTC,14 Jul 2018 06:59:02 UTC,Failed,online,card,550.00,AA03,FEE0002,4,550.00,"GOV - App for divorce/nullity of marriage or CP",4481102159,1
Divorce,2018-15315392955,RC-1531-5392-9555-6255,1531536901232891,null,14 Jul 2018 03:34:56 UTC,14 Jul 2018 03:35:32 UTC,Failed,online,card,550.00,AA01,FEE0002,4,550.00,"GOV - App for divorce/nullity of marriage or CP",4481102159,1
Civil Money Claims,2018-15315400220,RC-1531-5400-2212-1345,UNKNOWN,1d3f3db3-e279-4532-a5bb-ce9fd83e91b0,14 Jul 2018 03:47:02 UTC,14 Jul 2018 03:48:43 UTC,Success,online,card,25.00,AA00,FEE0211,3,25.00,"GOV.UK Pay online claims - Money Claim £0-300",4481102133,1
Divorce,2018-15315554084,RC-1531-5554-0845-5975,1531555392788294,null,14 Jul 2018 08:03:28 UTC,14 Jul 2018 08:05:05 UTC,Success,online,card,550.00,AA04,FEE0002,4,550.00,"GOV - App for divorce/nullity of marriage or CP",4481102159,1
Civil Money Claims,2018-15315407843,RC-1531-5407-8448-3535,UNKNOWN,77adf0da-da0d-4ff3-a954-ddc10b4afd6e,14 Jul 2018 03:59:44 UTC,14 Jul 2018 04:02:54 UTC,Success,online,card,25.00,AA00,FEE0211,3,25.00,"GOV.UK Pay online claims - Money Claim £0-300",4481102133,1
Divorce,2018-15315515578,RC-1531-5515-5785-6965,1531551059705010,null,14 Jul 2018 06:59:18 UTC,14 Jul 2018 07:02:07 UTC,Failed,online,card,550.00,AA03,FEE0002,4,550.00,"GOV - App for divorce/nullity of marriage or CP",4481102159,1
Civil Money Claims,2018-15315506393,RC-1531-5506-3930-3765,UNKNOWN,9de72ae3-a5a5-4198-8d09-4ea299a1b861,14 Jul 2018 06:43:59 UTC,14 Jul 2018 06:45:53 UTC,Success,online,card,105.00,AA00,FEE0215,3,105.00,"GOV.UK Pay online claims - Money Claim £1500-3000",4481102133,1
Divorce,2018-15315511157,RC-1531-5511-1579-9505,1531551059705010,null,14 Jul 2018 06:51:56 UTC,14 Jul 2018 06:54:17 UTC,Failed,online,card,550.00,AA03,FEE0002,4,550.00,"GOV - App for divorce/nullity of marriage or CP",4481102159,1
Civil Money Claims,2018-15315534361,RC-1531-5534-3610-9125,UNKNOWN,42716db4-fa1b-4dea-8ea7-7f3b8413a4f7,14 Jul 2018 07:30:36 UTC,14 Jul 2018 07:32:51 UTC,Failed,online,card,70.00,AA00,FEE0214,3,70.00,"GOV.UK Pay online claims - Money Claim £1000-1500",4481102133,1
Divorce,2018-15315527371,RC-1531-5527-3714-1255,1531551059705010,null,14 Jul 2018 07:18:57 UTC,14 Jul 2018 07:21:38 UTC,Failed,online,card,550.00,AA03,FEE0002,4,550.00,"GOV - App for divorce/nullity of marriage or CP",4481102159,1
Divorce,2018-15315532525,RC-1531-5532-5252-8895,1531553232078075,null,14 Jul 2018 07:27:33 UTC,14 Jul 2018 07:29:11 UTC,Success,online,card,550.00,AA01,FEE0002,4,550.00,"GOV - App for divorce/nullity of marriage or CP",4481102159,1
Civil Money Claims,2018-15315533247,RC-1531-5533-2472-8225,UNKNOWN,42716db4-fa1b-4dea-8ea7-7f3b8413a4f7,14 Jul 2018 07:28:45 UTC,14 Jul 2018 07:30:22 UTC,Failed,online,card,70.00,AA00,FEE0214,3,70.00,"GOV.UK Pay online claims - Money Claim £1000-1500",4481102133,1
Civil Money Claims,2018-15315535908,RC-1531-5535-9085-8565,UNKNOWN,42716db4-fa1b-4dea-8ea7-7f3b8413a4f7,14 Jul 2018 07:33:11 UTC,14 Jul 2018 07:34:22 UTC,Failed,online,card,70.00,AA00,FEE0214,3,70.00,"GOV.UK Pay online claims - Money Claim £1000-1500",4481102133,1
Divorce,2018-15315555752,RC-1531-5555-7522-6235,1531555546378455,null,14 Jul 2018 08:06:15 UTC,14 Jul 2018 08:08:14 UTC,Success,online,card,550.00,AA02,FEE0002,4,550.00,"GOV - App for divorce/nullity of marriage or CP",4481102159,1
Divorce,2018-15315544924,RC-1531-5544-9240-6045,1531554466055227,null,14 Jul 2018 07:48:12 UTC,14 Jul 2018 07:49:51 UTC,Success,online,card,550.00,AA03,FEE0002,4,550.00,"GOV - App for divorce/nullity of marriage or CP",4481102159,1
Divorce,2018-15315568822,RC-1531-5568-8223-0175,1531556863052228,null,14 Jul 2018 08:28:02 UTC,14 Jul 2018 08:29:42 UTC,Success,online,card,550.00,AA03,FEE0002,4,550.00,"GOV - App for divorce/nullity of marriage or CP",4481102159,1
Civil Money Claims,2018-15315557951,RC-1531-5557-9517-7105,UNKNOWN,c2852bf9-85ee-441a-8dba-19241bd7f4da,14 Jul 2018 08:09:55 UTC,14 Jul 2018 08:10:46 UTC,Success,online,card,105.00,AA00,FEE0215,3,105.00,"GOV.UK Pay online claims - Money Claim £1500-3000",4481102133,1
Divorce,2018-15315562668,RC-1531-5562-6688-9905,1531556249915635,null,14 Jul 2018 08:17:47 UTC,14 Jul 2018 08:21:47 UTC,Success,online,card,550.00,AA02,FEE0002,4,550.00,"GOV - App for divorce/nullity of marriage or CP",4481102159,1
Divorce,2018-15315576771,RC-1531-5576-7711-9645,1531557668737922,null,14 Jul 2018 08:41:17 UTC,14 Jul 2018 08:42:35 UTC,Success,online,card,550.00,AA02,FEE0002,4,550.00,"GOV - App for divorce/nullity of marriage or CP",4481102159,1
Divorce,2018-15315586357,RC-1531-5586-3571-0725,1531558631768945,null,14 Jul 2018 08:57:16 UTC,14 Jul 2018 08:58:11 UTC,Success,online,card,550.00,AA03,FEE0002,4,550.00,"GOV - App for divorce/nullity of marriage or CP",4481102159,1
Civil Money Claims,2018-15315588613,RC-1531-5588-6134-7315,UNKNOWN,67fe3727-e378-4c99-b398-42e556462937,14 Jul 2018 09:01:01 UTC,14 Jul 2018 09:02:36 UTC,Success,online,card,70.00,AA00,FEE0214,3,70.00,"GOV.UK Pay online claims - Money Claim £1000-1500",4481102133,1
Civil Money Claims,2018-15315593706,RC-1531-5593-7069-8255,UNKNOWN,6b33c425-6f19-435f-8341-96677be5c1eb,14 Jul 2018 09:09:31 UTC,14 Jul 2018 09:11:32 UTC,Failed,online,card,105.00,AA00,FEE0215,3,105.00,"GOV.UK Pay online claims - Money Claim £1500-3000",4481102133,1
Civil Money Claims,2018-15315594019,RC-1531-5594-0201-3995,UNKNOWN,8ed586d1-709d-4124-b85f-696d18bd07e8,14 Jul 2018 09:10:02 UTC,14 Jul 2018 09:24:54 UTC,Success,online,card,105.00,AA00,FEE0215,3,105.00,"GOV.UK Pay online claims - Money Claim £1500-3000",4481102133,1
Civil Money Claims,2018-15315595205,RC-1531-5595-2051-4355,UNKNOWN,6b33c425-6f19-435f-8341-96677be5c1eb,14 Jul 2018 09:12:00 UTC,14 Jul 2018 09:13:51 UTC,Failed,online,card,105.00,AA00,FEE0215,3,105.00,"GOV.UK Pay online claims - Money Claim £1500-3000",4481102133,1
Civil Money Claims,2018-15315596454,RC-1531-5596-4540-0675,UNKNOWN,6b33c425-6f19-435f-8341-96677be5c1eb,14 Jul 2018 09:14:06 UTC,14 Jul 2018 09:16:33 UTC,Success,online,card,105.00,AA00,FEE0215,3,105.00,"GOV.UK Pay online claims - Money Claim £1500-3000",4481102133,1
Civil Money Claims,2018-15315642469,RC-1531-5642-4695-4485,UNKNOWN,9fc51b07-8f0d-4598-b910-c28aff8ded05,14 Jul 2018 10:30:47 UTC,14 Jul 2018 10:33:52 UTC,Success,online,card,25.00,AA00,FEE0211,3,25.00,"GOV.UK Pay online claims - Money Claim £0-300",4481102133,1
Civil Money Claims,2018-15315600404,RC-1531-5600-4049-6765,UNKNOWN,33f87f6a-8f15-46b6-a663-c8d35b234c71,14 Jul 2018 09:20:40 UTC,14 Jul 2018 09:21:39 UTC,Success,online,card,185.00,AA00,FEE0216,3,185.00,"GOV.UK Pay online claims - Money Claim £3000-5000",4481102133,1
Divorce,2018-15315628998,RC-1531-5628-9980-2325,1531562890293082,null,14 Jul 2018 10:08:20 UTC,14 Jul 2018 10:09:25 UTC,Success,online,card,550.00,AA03,FEE0002,4,550.00,"GOV - App for divorce/nullity of marriage or CP",4481102159,1
Civil Money Claims,2018-15315601229,RC-1531-5601-2293-0215,UNKNOWN,b5541768-366b-4712-9379-c701cf13d7bd,14 Jul 2018 09:22:03 UTC,14 Jul 2018 09:22:51 UTC,Success,online,card,105.00,AA00,FEE0215,3,105.00,"GOV.UK Pay online claims - Money Claim £1500-3000",4481102133,1
Civil Money Claims,2018-15315627517,RC-1531-5627-5178-9605,UNKNOWN,7673c9b8-2f63-4d52-8ecb-6348f3a9fcea,14 Jul 2018 10:05:52 UTC,14 Jul 2018 10:09:40 UTC,Success,online,card,25.00,AA00,FEE0211,3,25.00,"GOV.UK Pay online claims - Money Claim £0-300",4481102133,1
Civil Money Claims,2018-15315607161,RC-1531-5607-1611-1255,UNKNOWN,0d5ad1ff-781b-48af-a2eb-f5a8a1a787c2,14 Jul 2018 09:31:56 UTC,14 Jul 2018 09:33:45 UTC,Success,online,card,70.00,AA00,FEE0214,3,70.00,"GOV.UK Pay online claims - Money Claim £1000-1500",4481102133,1
Civil Money Claims,2018-15315609543,RC-1531-5609-5432-5465,UNKNOWN,5cf1f422-5351-49f3-9d97-afcf5e03e5ff,14 Jul 2018 09:35:54 UTC,14 Jul 2018 09:35:54 UTC,Initiated,online,card,410.00,AA00,FEE0217,1,410.00,"GOV.UK Pay online claims - Money Claim £5000-10000",4481102133,1
Civil Money Claims,2018-15315611035,RC-1531-5611-0352-2265,UNKNOWN,e44b2071-4b54-428f-8e51-ab1ad8c7970a,14 Jul 2018 09:38:24 UTC,14 Jul 2018 09:40:42 UTC,Success,online,card,60.00,AA00,FEE0213,3,60.00,"GOV.UK Pay online claims - Money Claim £500-1000",4481102133,1
Civil Money Claims,2018-15315643786,RC-1531-5643-7867-3045,UNKNOWN,ec8e4e52-8810-48db-b88b-ad7aaa253eed,14 Jul 2018 10:32:59 UTC,14 Jul 2018 10:33:56 UTC,Success,online,card,60.00,AA00,FEE0213,3,60.00,"GOV.UK Pay online claims - Money Claim £500-1000",4481102133,1
Civil Money Claims,2018-15315621902,RC-1531-5621-9025-6195,UNKNOWN,b0ad13ca-0072-4e9a-8b90-ab0f4b2bc772,14 Jul 2018 09:56:30 UTC,14 Jul 2018 09:57:14 UTC,Success,online,card,410.00,AA00,FEE0217,1,410.00,"GOV.UK Pay online claims - Money Claim £5000-10000",4481102133,1
Civil Money Claims,2018-15305271024,RC-1530-5271-0247-8005,UNKNOWN,089ffde4-ccbf-446e-a839-82ad5581457c,02 Jul 2018 10:25:02 UTC,14 Jul 2018 11:11:55 UTC,Failed,online,card,70.00,AA00,FEE0214,3,70.00,"GOV.UK Pay online claims - Money Claim £1000-1500",4481102133,1
Divorce,2018-15315626686,RC-1531-5626-6861-4175,1531562659438472,null,14 Jul 2018 10:04:29 UTC,14 Jul 2018 10:07:26 UTC,Success,online,card,550.00,AA03,FEE0002,4,550.00,"GOV - App for divorce/nullity of marriage or CP",4481102159,1
Civil Money Claims,2018-15315629956,RC-1531-5629-9568-0225,UNKNOWN,16e5b77e-bdc2-49fc-979f-82bc4a5bbb12,14 Jul 2018 10:09:56 UTC,14 Jul 2018 10:12:09 UTC,Success,online,card,25.00,AA00,FEE0211,3,25.00,"GOV.UK Pay online claims - Money Claim £0-300",4481102133,1
Civil Money Claims,2018-15315646619,RC-1531-5646-6196-1725,UNKNOWN,79cf45cc-6d04-4de1-87ee-f587f67bb019,14 Jul 2018 10:37:42 UTC,14 Jul 2018 10:38:26 UTC,Success,online,card,105.00,AA00,FEE0215,3,105.00,"GOV.UK Pay online claims - Money Claim £1500-3000",4481102133,1
Civil Money Claims,2018-15315638412,RC-1531-5638-4124-6905,UNKNOWN,40b0d46f-d1df-4324-a470-c1d19b8a1056,14 Jul 2018 10:24:02 UTC,14 Jul 2018 10:26:09 UTC,Success,online,card,35.00,AA00,FEE0212,3,35.00,"GOV.UK Pay online claims - Money Claim £300-500",4481102133,1
Civil Money Claims,2018-15315642529,RC-1531-5642-5291-2145,UNKNOWN,ec8e4e52-8810-48db-b88b-ad7aaa253eed,14 Jul 2018 10:30:53 UTC,14 Jul 2018 10:32:49 UTC,Failed,online,card,60.00,AA00,FEE0213,3,60.00,"GOV.UK Pay online claims - Money Claim £500-1000",4481102133,1
Civil Money Claims,2018-15315667163,RC-1531-5667-1636-6345,UNKNOWN,089ffde4-ccbf-446e-a839-82ad5581457c,14 Jul 2018 11:11:56 UTC,14 Jul 2018 11:12:39 UTC,Success,online,card,70.00,AA00,FEE0214,3,70.00,"GOV.UK Pay online claims - Money Claim £1000-1500",4481102133,1
Civil Money Claims,2018-15315659310,RC-1531-5659-3100-0835,UNKNOWN,151fa7f2-f0a3-4b25-baf2-8223cbed89de,14 Jul 2018 10:58:51 UTC,14 Jul 2018 11:00:37 UTC,Success,online,card,70.00,AA00,FEE0214,3,70.00,"GOV.UK Pay online claims - Money Claim £1000-1500",4481102133,1
Civil Money Claims,2018-15315672807,RC-1531-5672-8072-5235,UNKNOWN,411bb204-331e-42a4-aaec-f8c554a9faeb,14 Jul 2018 11:21:21 UTC,14 Jul 2018 11:23:38 UTC,Success,online,card,25.00,AA00,FEE0211,3,25.00,"GOV.UK Pay online claims - Money Claim £0-300",4481102133,1
Divorce,2018-15315661102,RC-1531-5661-1034-9475,1531566095918823,null,14 Jul 2018 11:01:50 UTC,14 Jul 2018 11:05:15 UTC,Success,online,card,550.00,AA01,FEE0002,4,550.00,"GOV - App for divorce/nullity of marriage or CP",4481102159,1
Civil Money Claims,2018-15315669083,RC-1531-5669-0831-6185,UNKNOWN,1b06a9a2-15f4-451b-9f53-73775e559f96,14 Jul 2018 11:15:08 UTC,14 Jul 2018 11:18:38 UTC,Success,online,card,105.00,AA00,FEE0215,3,105.00,"GOV.UK Pay online claims - Money Claim £1500-3000",4481102133,1
Civil Money Claims,2018-15315682180,RC-1531-5682-1800-0345,UNKNOWN,fec58fcf-e65c-4e01-bd69-5b3bac208885,14 Jul 2018 11:36:58 UTC,14 Jul 2018 11:38:44 UTC,Success,online,card,410.00,AA00,FEE0217,1,410.00,"GOV.UK Pay online claims - Money Claim £5000-10000",4481102133,1
Divorce,2018-15315674578,RC-1531-5674-5787-1885,1531567444882579,null,14 Jul 2018 11:24:18 UTC,14 Jul 2018 11:27:11 UTC,Success,online,card,550.00,AA02,FEE0002,4,550.00,"GOV - App for divorce/nullity of marriage or CP",4481102159,1
Civil Money Claims,2018-15315675875,RC-1531-5675-8750-1125,UNKNOWN,8192e948-780d-461e-8e60-69eaba191caa,14 Jul 2018 11:26:28 UTC,14 Jul 2018 11:28:31 UTC,Success,online,card,410.00,AA00,FEE0217,1,410.00,"GOV.UK Pay online claims - Money Claim £5000-10000",4481102133,1
Divorce,2018-15315695635,RC-1531-5695-6369-5075,1531569548284165,null,14 Jul 2018 11:59:24 UTC,14 Jul 2018 12:01:53 UTC,Success,online,card,550.00,AA03,FEE0002,4,550.00,"GOV - App for divorce/nullity of marriage or CP",4481102159,1
Divorce,2018-15315698418,RC-1531-5698-4186-4955,1531569823172010,null,14 Jul 2018 12:04:02 UTC,14 Jul 2018 12:05:04 UTC,Success,online,card,550.00,AA01,FEE0002,4,550.00,"GOV - App for divorce/nullity of marriage or CP",4481102159,1
Divorce,2018-15315703927,RC-1531-5703-9278-4245,1531570350133185,null,14 Jul 2018 12:13:13 UTC,14 Jul 2018 12:14:48 UTC,Success,online,card,550.00,AA03,FEE0002,4,550.00,"GOV - App for divorce/nullity of marriage or CP",4481102159,1
Civil Money Claims,2018-15315706276,RC-1531-5706-2764-8015,UNKNOWN,545a1fc7-9002-4598-b94d-b742f36e40a0,14 Jul 2018 12:17:08 UTC,14 Jul 2018 12:18:33 UTC,Initiated,online,card,70.00,AA00,FEE0214,3,70.00,"GOV.UK Pay online claims - Money Claim £1000-1500",4481102133,1
Civil Money Claims,2018-15315707133,RC-1531-5707-1340-0635,UNKNOWN,545a1fc7-9002-4598-b94d-b742f36e40a0,14 Jul 2018 12:18:33 UTC,14 Jul 2018 12:21:01 UTC,Success,online,card,70.00,AA00,FEE0214,3,70.00,"GOV.UK Pay online claims - Money Claim £1000-1500",4481102133,1
Divorce,2018-15315714891,RC-1531-5714-8924-3375,1531571478017656,null,14 Jul 2018 12:31:29 UTC,14 Jul 2018 12:31:29 UTC,Initiated,online,card,550.00,AA02,FEE0002,4,550.00,"GOV - App for divorce/nullity of marriage or CP",4481102159,1
Divorce,2018-15315753206,RC-1531-5753-2062-5325,1531575287566175,null,14 Jul 2018 13:35:21 UTC,14 Jul 2018 13:35:21 UTC,Initiated,online,card,550.00,AA04,FEE0002,4,550.00,"GOV - App for divorce/nullity of marriage or CP",4481102159,1
Civil Money Claims,2018-15315718931,RC-1531-5718-9312-3775,UNKNOWN,8ab55b1b-3d37-42e9-ad01-f4a0ba746fef,14 Jul 2018 12:38:13 UTC,14 Jul 2018 12:49:23 UTC,Success,online,card,70.00,AA00,FEE0214,3,70.00,"GOV.UK Pay online claims - Money Claim £1000-1500",4481102133,1
Civil Money Claims,2018-15315751348,RC-1531-5751-3480-9805,UNKNOWN,bc44e7f0-9f2b-4a3d-a55b-09f8ecbc2645,14 Jul 2018 13:32:15 UTC,14 Jul 2018 13:35:47 UTC,Failed,online,card,35.00,AA00,FEE0212,3,35.00,"GOV.UK Pay online claims - Money Claim £300-500",4481102133,1
Divorce,2018-15315725204,RC-1531-5725-2040-0635,1531572508692799,null,14 Jul 2018 12:48:40 UTC,14 Jul 2018 12:50:19 UTC,Success,online,card,550.00,AA04,FEE0002,4,550.00,"GOV - App for divorce/nullity of marriage or CP",4481102159,1
Divorce,2018-15315725946,RC-1531-5725-9466-7475,1531572559746478,null,14 Jul 2018 12:49:55 UTC,14 Jul 2018 12:52:28 UTC,Success,online,card,550.00,AA01,FEE0002,4,550.00,"GOV - App for divorce/nullity of marriage or CP",4481102159,1
Divorce,2018-15315729416,RC-1531-5729-4162-4985,1531572924837267,null,14 Jul 2018 12:55:44 UTC,14 Jul 2018 12:57:54 UTC,Success,online,card,550.00,AA02,FEE0002,4,550.00,"GOV - App for divorce/nullity of marriage or CP",4481102159,1
Civil Money Claims,2018-15315760177,RC-1531-5760-1772-3075,UNKNOWN,c4dff915-165d-40e2-80f7-1752ebf08f9a,14 Jul 2018 13:46:58 UTC,14 Jul 2018 13:48:24 UTC,Success,online,card,185.00,AA00,FEE0216,3,185.00,"GOV.UK Pay online claims - Money Claim £3000-5000",4481102133,1
Civil Money Claims,2018-15315739395,RC-1531-5739-3957-1375,UNKNOWN,66c83214-1efc-404d-aef5-53524572e519,14 Jul 2018 13:12:20 UTC,14 Jul 2018 13:13:24 UTC,Failed,online,card,35.00,AA00,FEE0212,3,35.00,"GOV.UK Pay online claims - Money Claim £300-500",4481102133,1
Civil Money Claims,2018-15315757241,RC-1531-5757-2419-8035,UNKNOWN,ce52cf01-be73-4652-ba4c-951f1694fc6b,14 Jul 2018 13:42:04 UTC,14 Jul 2018 13:44:15 UTC,Failed,online,card,105.00,AA00,FEE0215,3,105.00,"GOV.UK Pay online claims - Money Claim £1500-3000",4481102133,1
Civil Money Claims,2018-15315742067,RC-1531-5742-0670-3045,UNKNOWN,66c83214-1efc-404d-aef5-53524572e519,14 Jul 2018 13:16:47 UTC,14 Jul 2018 13:17:35 UTC,Success,online,card,35.00,AA00,FEE0212,3,35.00,"GOV.UK Pay online claims - Money Claim £300-500",4481102133,1
Civil Money Claims,2018-15315753509,RC-1531-5753-5094-0895,UNKNOWN,40ada903-7898-4e33-9f97-40e74150833c,14 Jul 2018 13:35:51 UTC,14 Jul 2018 13:37:34 UTC,Success,online,card,105.00,AA00,FEE0215,3,105.00,"GOV.UK Pay online claims - Money Claim £1500-3000",4481102133,1
Civil Money Claims,2018-15315753710,RC-1531-5753-7104-3475,UNKNOWN,bc44e7f0-9f2b-4a3d-a55b-09f8ecbc2645,14 Jul 2018 13:36:11 UTC,14 Jul 2018 13:37:55 UTC,Failed,online,card,35.00,AA00,FEE0212,3,35.00,"GOV.UK Pay online claims - Money Claim £300-500",4481102133,1
Civil Money Claims,2018-15315755154,RC-1531-5755-1542-9835,UNKNOWN,b7dd9974-ce58-4af7-8f88-adb59304e78f,14 Jul 2018 13:38:36 UTC,14 Jul 2018 13:40:15 UTC,Success,online,card,60.00,AA00,FEE0213,3,60.00,"GOV.UK Pay online claims - Money Claim £500-1000",4481102133,1
Civil Money Claims,2018-15315754992,RC-1531-5754-9928-3115,UNKNOWN,bc44e7f0-9f2b-4a3d-a55b-09f8ecbc2645,14 Jul 2018 13:38:19 UTC,14 Jul 2018 13:41:15 UTC,Success,online,card,35.00,AA00,FEE0212,3,35.00,"GOV.UK Pay online claims - Money Claim £300-500",4481102133,1
Civil Money Claims,2018-15315762006,RC-1531-5762-0068-5475,UNKNOWN,ce52cf01-be73-4652-ba4c-951f1694fc6b,14 Jul 2018 13:50:01 UTC,14 Jul 2018 13:51:09 UTC,Success,online,card,105.00,AA00,FEE0215,3,105.00,"GOV.UK Pay online claims - Money Claim £1500-3000",4481102133,1
Civil Money Claims,2018-15315759236,RC-1531-5759-2366-8905,UNKNOWN,ce52cf01-be73-4652-ba4c-951f1694fc6b,14 Jul 2018 13:45:24 UTC,14 Jul 2018 13:45:41 UTC,Failed,online,card,105.00,AA00,FEE0215,3,105.00,"GOV.UK Pay online claims - Money Claim £1500-3000",4481102133,1
Divorce,2018-15315762152,RC-1531-5762-1531-6165,1531576179353375,null,14 Jul 2018 13:50:15 UTC,14 Jul 2018 13:51:54 UTC,Success,online,card,550.00,AA03,FEE0002,4,550.00,"GOV - App for divorce/nullity of marriage or CP",4481102159,1
Civil Money Claims,2018-15315759334,RC-1531-5759-3357-3825,UNKNOWN,bc24360d-c3d7-44eb-a942-ab03ca55aacf,14 Jul 2018 13:45:33 UTC,14 Jul 2018 13:47:08 UTC,Success,online,card,60.00,AA00,FEE0213,3,60.00,"GOV.UK Pay online claims - Money Claim £500-1000",4481102133,1
Divorce,2018-15315763763,RC-1531-5763-7631-5615,1531575287566175,null,14 Jul 2018 13:52:56 UTC,14 Jul 2018 13:56:06 UTC,Success,online,card,550.00,AA04,FEE0002,4,550.00,"GOV - App for divorce/nullity of marriage or CP",4481102159,1
Civil Money Claims,2018-15315761100,RC-1531-5761-1007-3355,UNKNOWN,f8a4d340-61a7-4b84-ae81-c82269706923,14 Jul 2018 13:48:30 UTC,14 Jul 2018 13:57:21 UTC,Success,online,card,35.00,AA00,FEE0212,3,35.00,"GOV.UK Pay online claims - Money Claim £300-500",4481102133,1
Civil Money Claims,2018-15315777900,RC-1531-5777-9000-4295,UNKNOWN,5053decf-69b7-4c7b-ba85-83c87e7d245b,14 Jul 2018 14:16:30 UTC,14 Jul 2018 14:17:01 UTC,Success,online,card,185.00,AA00,FEE0216,3,185.00,"GOV.UK Pay online claims - Money Claim £3000-5000",4481102133,1
Civil Money Claims,2018-15315766201,RC-1531-5766-2012-9645,UNKNOWN,f7948523-7ab6-4d75-a316-889cd59f0c09,14 Jul 2018 13:57:00 UTC,14 Jul 2018 13:57:49 UTC,Success,online,card,185.00,AA00,FEE0216,3,185.00,"GOV.UK Pay online claims - Money Claim £3000-5000",4481102133,1
Civil Money Claims,2018-15315781971,RC-1531-5781-9712-9435,UNKNOWN,b181b7fd-9014-42f5-8e15-2d56512e363f,14 Jul 2018 14:23:17 UTC,14 Jul 2018 14:24:25 UTC,Success,online,card,185.00,AA00,FEE0216,3,185.00,"GOV.UK Pay online claims - Money Claim £3000-5000",4481102133,1
Divorce,2018-15315782347,RC-1531-5782-3471-4245,1531571137774309,null,14 Jul 2018 14:23:55 UTC,14 Jul 2018 14:25:53 UTC,Success,online,card,550.00,AA03,FEE0002,4,550.00,"GOV - App for divorce/nullity of marriage or CP",4481102159,1
Divorce,2018-15315783391,RC-1531-5783-3918-3875,1531578329798129,null,14 Jul 2018 14:25:39 UTC,14 Jul 2018 14:28:00 UTC,Success,online,card,550.00,AA01,FEE0002,4,550.00,"GOV - App for divorce/nullity of marriage or CP",4481102159,1
Divorce,2018-15315783921,RC-1531-5783-9216-2545,1531578369001194,null,14 Jul 2018 14:26:32 UTC,14 Jul 2018 14:29:25 UTC,Success,online,card,550.00,AA01,FEE0002,4,550.00,"GOV - App for divorce/nullity of marriage or CP",4481102159,1
Civil Money Claims,2018-15315786291,RC-1531-5786-2914-6165,UNKNOWN,7662bc84-9d8d-4d52-8f45-27ec4d2ee688,14 Jul 2018 14:30:29 UTC,14 Jul 2018 14:31:39 UTC,Success,online,card,410.00,AA00,FEE0217,1,410.00,"GOV.UK Pay online claims - Money Claim £5000-10000",4481102133,1
Civil Money Claims,2018-15315787857,RC-1531-5787-8575-9465,UNKNOWN,7f668733-a5e1-41e0-a8be-a7749f5641ff,14 Jul 2018 14:33:06 UTC,14 Jul 2018 14:33:06 UTC,Initiated,online,card,35.00,AA00,FEE0212,3,35.00,"GOV.UK Pay online claims - Money Claim £300-500",4481102133,1
Divorce,2018-15315847343,RC-1531-5847-3431-3855,1531584613196152,null,14 Jul 2018 16:12:14 UTC,14 Jul 2018 16:15:22 UTC,Success,online,card,550.00,AA03,FEE0002,4,550.00,"GOV - App for divorce/nullity of marriage or CP",4481102159,1
Civil Money Claims,2018-15315787928,RC-1531-5787-9283-2665,UNKNOWN,7f668733-a5e1-41e0-a8be-a7749f5641ff,14 Jul 2018 14:33:13 UTC,14 Jul 2018 14:35:32 UTC,Success,online,card,35.00,AA00,FEE0212,3,35.00,"GOV.UK Pay online claims - Money Claim £300-500",4481102133,1
Divorce,2018-15315801002,RC-1531-5801-0025-4265,1531580081268085,null,14 Jul 2018 14:55:00 UTC,14 Jul 2018 14:55:38 UTC,Success,online,card,550.00,AA03,FEE0002,4,550.00,"GOV - App for divorce/nullity of marriage or CP",4481102159,1
Divorce,2018-15315868818,RC-1531-5868-8189-4795,1531586864970938,null,14 Jul 2018 16:48:02 UTC,14 Jul 2018 16:49:28 UTC,Success,online,card,550.00,AA03,FEE0002,4,550.00,"GOV - App for divorce/nullity of marriage or CP",4481102159,1
Divorce,2018-15315811452,RC-1531-5811-4522-2025,1531581136715617,null,14 Jul 2018 15:12:25 UTC,14 Jul 2018 15:13:40 UTC,Success,online,card,550.00,AA01,FEE0002,4,550.00,"GOV - App for divorce/nullity of marriage or CP",4481102159,1
Civil Money Claims,2018-15277913856,RC-1527-7913-8562-5355,UNKNOWN,cdb71e4f-a516-49e5-85f8-c016eb70c01f,31 May 2018 18:29:46 UTC,14 Jul 2018 15:18:17 UTC,Failed,online,card,60.00,AA00,FEE0213,3,60.00,"GOV.UK Pay online claims - Money Claim £500-1000",4481102133,1
Civil Money Claims,2018-15315814973,RC-1531-5814-9739-9695,UNKNOWN,cdb71e4f-a516-49e5-85f8-c016eb70c01f,14 Jul 2018 15:18:17 UTC,14 Jul 2018 15:18:17 UTC,Initiated,online,card,60.00,AA00,FEE0213,3,60.00,"GOV.UK Pay online claims - Money Claim £500-1000",4481102133,1
Civil Money Claims,2018-15315851762,RC-1531-5851-7628-3425,UNKNOWN,10ceaf0e-3354-4170-9df8-ac65ecdf792b,14 Jul 2018 16:19:36 UTC,14 Jul 2018 16:20:58 UTC,Success,online,card,105.00,AA00,FEE0215,3,105.00,"GOV.UK Pay online claims - Money Claim £1500-3000",4481102133,1
Divorce,2018-15315828074,RC-1531-5828-0745-4905,1531582794344252,null,14 Jul 2018 15:40:08 UTC,14 Jul 2018 15:40:53 UTC,Success,online,card,550.00,AA01,FEE0002,4,550.00,"GOV - App for divorce/nullity of marriage or CP",4481102159,1
Divorce,2018-15315828694,RC-1531-5828-6954-1575,1531582859859699,null,14 Jul 2018 15:41:09 UTC,14 Jul 2018 15:43:26 UTC,Success,online,card,550.00,AA02,FEE0002,4,550.00,"GOV - App for divorce/nullity of marriage or CP",4481102159,1
Civil Money Claims,2018-15315830241,RC-1531-5830-2413-6395,UNKNOWN,78b6002d-c350-4d63-9c15-e592f149c34a,14 Jul 2018 15:43:44 UTC,14 Jul 2018 15:47:56 UTC,Success,online,card,410.00,AA00,FEE0217,1,410.00,"GOV.UK Pay online claims - Money Claim £5000-10000",4481102133,1
Divorce,2018-15315855046,RC-1531-5855-0464-9315,1531585482019763,null,14 Jul 2018 16:25:05 UTC,14 Jul 2018 16:27:51 UTC,Success,online,card,550.00,AA01,FEE0002,4,550.00,"GOV - App for divorce/nullity of marriage or CP",4481102159,1
Divorce,2018-15315874959,RC-1531-5874-9592-6205,1531587485569869,null,14 Jul 2018 16:58:16 UTC,14 Jul 2018 16:59:53 UTC,Success,online,card,550.00,AA03,FEE0002,4,550.00,"GOV - App for divorce/nullity of marriage or CP",4481102159,1
Divorce,2018-15315856764,RC-1531-5856-7647-3965,1531585666417445,null,14 Jul 2018 16:27:56 UTC,14 Jul 2018 16:31:06 UTC,Success,online,card,550.00,AA02,FEE0002,4,550.00,"GOV - App for divorce/nullity of marriage or CP",4481102159,1
Civil Money Claims,2018-15315864310,RC-1531-5864-3102-7745,UNKNOWN,4b7cbf0f-ceb2-43c6-ace8-9c9bb44fe05e,14 Jul 2018 16:40:31 UTC,14 Jul 2018 16:44:17 UTC,Success,online,card,105.00,AA00,FEE0215,3,105.00,"GOV.UK Pay online claims - Money Claim £1500-3000",4481102133,1
Civil Money Claims,2018-15315880743,RC-1531-5880-7437-2565,UNKNOWN,229dcd0f-3150-409b-aea1-67733820fe20,14 Jul 2018 17:07:54 UTC,14 Jul 2018 17:09:10 UTC,Success,online,card,25.00,AA00,FEE0211,3,25.00,"GOV.UK Pay online claims - Money Claim £0-300",4481102133,1
Civil Money Claims,2018-15315878961,RC-1531-5878-9618-9725,UNKNOWN,229dcd0f-3150-409b-aea1-67733820fe20,14 Jul 2018 17:04:56 UTC,14 Jul 2018 17:06:11 UTC,Failed,online,card,25.00,AA00,FEE0211,3,25.00,"GOV.UK Pay online claims - Money Claim £0-300",4481102133,1
Civil Money Claims,2018-15315899495,RC-1531-5899-4952-8165,UNKNOWN,05723c7c-0c79-41e7-a096-da39c5ab9d8e,14 Jul 2018 17:39:10 UTC,14 Jul 2018 17:42:25 UTC,Success,online,card,60.00,AA00,FEE0213,3,60.00,"GOV.UK Pay online claims - Money Claim £500-1000",4481102133,1
Civil Money Claims,2018-15315879907,RC-1531-5879-9070-4695,UNKNOWN,229dcd0f-3150-409b-aea1-67733820fe20,14 Jul 2018 17:06:31 UTC,14 Jul 2018 17:07:46 UTC,Failed,online,card,25.00,AA00,FEE0211,3,25.00,"GOV.UK Pay online claims - Money Claim £0-300",4481102133,1
Divorce,2018-15315891875,RC-1531-5891-8758-5525,1531551059705010,null,14 Jul 2018 17:26:28 UTC,14 Jul 2018 17:29:34 UTC,Success,online,card,550.00,AA03,FEE0002,4,550.00,"GOV - App for divorce/nullity of marriage or CP",4481102159,1
Divorce,2018-15315907644,RC-1531-5907-6441-8655,1531590739004493,null,14 Jul 2018 17:52:44 UTC,14 Jul 2018 17:55:33 UTC,Success,online,card,550.00,AA04,FEE0002,4,550.00,"GOV - App for divorce/nullity of marriage or CP",4481102159,1
Civil Money Claims,2018-15315918618,RC-1531-5918-6181-7345,UNKNOWN,29acb829-0462-4d6b-997b-18f076763468,14 Jul 2018 18:11:02 UTC,14 Jul 2018 18:12:15 UTC,Success,online,card,25.00,AA00,FEE0211,3,25.00,"GOV.UK Pay online claims - Money Claim £0-300",4481102133,1
Civil Money Claims,2018-15315930280,RC-1531-5930-2800-6635,UNKNOWN,550cf244-6b60-434e-ae34-bf8ec427129d,14 Jul 2018 18:30:28 UTC,14 Jul 2018 18:31:15 UTC,Success,online,card,25.00,AA00,FEE0211,3,25.00,"GOV.UK Pay online claims - Money Claim £0-300",4481102133,1
Civil Money Claims,2018-15315924541,RC-1531-5924-5410-2565,UNKNOWN,305e1e36-778e-462c-81f4-cbd1a1026ec0,14 Jul 2018 18:20:54 UTC,14 Jul 2018 18:21:56 UTC,Success,online,card,105.00,AA00,FEE0215,3,105.00,"GOV.UK Pay online claims - Money Claim £1500-3000",4481102133,1
Divorce,2018-15315932141,RC-1531-5932-1412-0655,1531593174954990,null,14 Jul 2018 18:33:34 UTC,14 Jul 2018 18:34:50 UTC,Success,online,card,550.00,AA02,FEE0002,4,550.00,"GOV - App for divorce/nullity of marriage or CP",4481102159,1
Civil Money Claims,2018-15315937250,RC-1531-5937-2504-1445,UNKNOWN,911023aa-5108-4b16-8b3e-873c17a71d59,14 Jul 2018 18:42:05 UTC,14 Jul 2018 18:46:03 UTC,Success,online,card,25.00,AA00,FEE0211,3,25.00,"GOV.UK Pay online claims - Money Claim £0-300",4481102133,1
Civil Money Claims,2018-15315940537,RC-1531-5940-5379-1845,UNKNOWN,7b9e5cb5-0e13-4088-b46e-b43c093387e2,14 Jul 2018 18:47:34 UTC,14 Jul 2018 18:48:34 UTC,Success,online,card,25.00,AA00,FEE0211,3,25.00,"GOV.UK Pay online claims - Money Claim £0-300",4481102133,1
Divorce,2018-15315980693,RC-1531-5980-6935-6705,1531597238462254,null,14 Jul 2018 19:54:29 UTC,14 Jul 2018 19:55:51 UTC,Success,online,card,550.00,AA03,FEE0002,4,550.00,"GOV - App for divorce/nullity of marriage or CP",4481102159,1
Divorce,2018-15315943327,RC-1531-5943-3276-6965,1531594300447172,null,14 Jul 2018 18:52:13 UTC,14 Jul 2018 18:54:02 UTC,Success,online,card,550.00,AA02,FEE0002,4,550.00,"GOV - App for divorce/nullity of marriage or CP",4481102159,1
Divorce,2018-15315948196,RC-1531-5948-1962-4635,1531594775967597,null,14 Jul 2018 19:00:20 UTC,14 Jul 2018 19:02:26 UTC,Success,online,card,550.00,AA03,FEE0002,4,550.00,"GOV - App for divorce/nullity of marriage or CP",4481102159,1
Civil Money Claims,2018-15315954994,RC-1531-5954-9940-5885,UNKNOWN,44124d78-65f9-41e5-8e9e-80bcd674390d,14 Jul 2018 19:11:39 UTC,14 Jul 2018 19:13:08 UTC,Success,online,card,60.00,AA00,FEE0213,3,60.00,"GOV.UK Pay online claims - Money Claim £500-1000",4481102133,1
Civil Money Claims,2018-15315986682,RC-1531-5986-6826-6175,UNKNOWN,8cb6a026-b7d0-40f4-a350-e5c08fdf1814,14 Jul 2018 20:04:28 UTC,14 Jul 2018 20:08:39 UTC,Success,online,card,35.00,AA00,FEE0212,3,35.00,"GOV.UK Pay online claims - Money Claim £300-500",4481102133,1
Civil Money Claims,2018-15315962010,RC-1531-5962-0106-0325,UNKNOWN,6e076bce-a04b-4ca9-a9b3-87e40d95911c,14 Jul 2018 19:23:21 UTC,14 Jul 2018 19:25:08 UTC,Success,online,card,60.00,AA00,FEE0213,3,60.00,"GOV.UK Pay online claims - Money Claim £500-1000",4481102133,1
Civil Money Claims,2018-15315963412,RC-1531-5963-4123-7755,UNKNOWN,e2ce87ee-a5cf-4deb-aacd-346f069ba6f1,14 Jul 2018 19:25:41 UTC,14 Jul 2018 19:25:41 UTC,Initiated,online,card,105.00,AA00,FEE0215,3,105.00,"GOV.UK Pay online claims - Money Claim £1500-3000",4481102133,1
Civil Money Claims,2018-15315989698,RC-1531-5989-6994-1825,UNKNOWN,eb9a97ad-67c9-4f75-b8ea-d0be488ac17a,14 Jul 2018 20:09:30 UTC,14 Jul 2018 20:09:30 UTC,Initiated,online,card,60.00,AA00,FEE0213,3,60.00,"GOV.UK Pay online claims - Money Claim £500-1000",4481102133,1
Civil Money Claims,2018-15315965482,RC-1531-5965-4826-8825,UNKNOWN,76e5b1f1-b1ec-4294-9b2e-a91047a44dab,14 Jul 2018 19:29:08 UTC,14 Jul 2018 19:32:54 UTC,Success,online,card,185.00,AA00,FEE0216,3,185.00,"GOV.UK Pay online claims - Money Claim £3000-5000",4481102133,1
Civil Money Claims,2018-15315963266,RC-1531-5963-2660-1335,UNKNOWN,e41181b9-28bf-40ee-961a-d4802be26313,14 Jul 2018 19:25:27 UTC,14 Jul 2018 19:34:51 UTC,Initiated,online,card,410.00,AA00,FEE0217,1,410.00,"GOV.UK Pay online claims - Money Claim £5000-10000",4481102133,1
Civil Money Claims,2018-15315968913,RC-1531-5968-9134-1515,UNKNOWN,e41181b9-28bf-40ee-961a-d4802be26313,14 Jul 2018 19:34:51 UTC,14 Jul 2018 19:36:03 UTC,Success,online,card,410.00,AA00,FEE0217,1,410.00,"GOV.UK Pay online claims - Money Claim £5000-10000",4481102133,1
Divorce,2018-15315969383,RC-1531-5969-3838-5175,1531596902631038,null,14 Jul 2018 19:35:38 UTC,14 Jul 2018 19:37:06 UTC,Success,online,card,550.00,AA03,FEE0002,4,550.00,"GOV - App for divorce/nullity of marriage or CP",4481102159,1
Divorce,2018-15315991967,RC-1531-5991-9671-7145,1531375416634667,null,14 Jul 2018 20:13:17 UTC,14 Jul 2018 20:16:24 UTC,Success,online,card,550.00,AA03,FEE0002,4,550.00,"GOV - App for divorce/nullity of marriage or CP",4481102159,1
Civil Money Claims,2018-15316047856,RC-1531-6047-8569-0915,UNKNOWN,09ab991e-b223-4550-9ee7-38ef1b0235d9,14 Jul 2018 21:46:26 UTC,14 Jul 2018 21:48:28 UTC,Success,online,card,25.00,AA00,FEE0211,3,25.00,"GOV.UK Pay online claims - Money Claim £0-300",4481102133,1
Civil Money Claims,2018-15315993885,RC-1531-5993-8857-4745,UNKNOWN,8e3cd725-02bc-4567-8f06-bad18fa3dd63,14 Jul 2018 20:16:28 UTC,14 Jul 2018 20:20:56 UTC,Success,online,card,60.00,AA00,FEE0213,3,60.00,"GOV.UK Pay online claims - Money Claim £500-1000",4481102133,1
Divorce,2018-15316020062,RC-1531-6020-0623-2355,1531601768840176,null,14 Jul 2018 21:00:06 UTC,14 Jul 2018 21:02:21 UTC,Success,online,card,550.00,AA01,FEE0002,4,550.00,"GOV - App for divorce/nullity of marriage or CP",4481102159,1
Civil Money Claims,2018-15316004432,RC-1531-6004-4329-4185,UNKNOWN,7e704530-5e78-4fee-9bc4-e1f50bc86c59,14 Jul 2018 20:34:03 UTC,14 Jul 2018 20:37:25 UTC,Success,online,card,25.00,AA00,FEE0211,3,25.00,"GOV.UK Pay online claims - Money Claim £0-300",4481102133,1
Divorce,2018-15316017848,RC-1531-6017-8488-4965,1531601768840176,null,14 Jul 2018 20:56:25 UTC,14 Jul 2018 20:56:25 UTC,Initiated,online,card,550.00,AA01,FEE0002,4,550.00,"GOV - App for divorce/nullity of marriage or CP",4481102159,1
Divorce,2018-15316020103,RC-1531-6020-1039-6505,1531601974870280,null,14 Jul 2018 21:00:10 UTC,14 Jul 2018 21:02:49 UTC,Success,online,card,550.00,AA03,FEE0002,4,550.00,"GOV - App for divorce/nullity of marriage or CP",4481102159,1
Civil Money Claims,2018-15316035277,RC-1531-6035-2770-5165,UNKNOWN,3cebcd01-0951-44e1-abf0-c86bc9dc7a68,14 Jul 2018 21:25:28 UTC,14 Jul 2018 21:28:34 UTC,Success,online,card,410.00,AA00,FEE0217,1,410.00,"GOV.UK Pay online claims - Money Claim £5000-10000",4481102133,1
Civil Money Claims,2018-15316050540,RC-1531-6050-5403-6265,UNKNOWN,5eb5266f-73f7-4e6b-a920-3060352b8b0d,14 Jul 2018 21:50:54 UTC,14 Jul 2018 21:52:57 UTC,Success,online,card,410.00,AA00,FEE0217,1,410.00,"GOV.UK Pay online claims - Money Claim £5000-10000",4481102133,1
Divorce,2018-15316049198,RC-1531-6049-1985-9755,1531604906045633,null,14 Jul 2018 21:48:40 UTC,14 Jul 2018 21:53:59 UTC,Success,online,card,550.00,AA03,FEE0002,4,550.00,"GOV - App for divorce/nullity of marriage or CP",4481102159,1
Divorce,2018-15316059193,RC-1531-6059-1945-0715,1531605904569045,null,14 Jul 2018 22:05:19 UTC,14 Jul 2018 22:06:38 UTC,Failed,online,card,550.00,AA04,FEE0002,4,550.00,"GOV - App for divorce/nullity of marriage or CP",4481102159,1
Divorce,2018-15316062441,RC-1531-6062-4419-6795,1531605904569045,null,14 Jul 2018 22:10:44 UTC,14 Jul 2018 22:13:16 UTC,Success,online,card,550.00,AA04,FEE0002,4,550.00,"GOV - App for divorce/nullity of marriage or CP",4481102159,1
Divorce,2018-15316063374,RC-1531-6063-3744-3415,1531606319268496,null,14 Jul 2018 22:12:17 UTC,14 Jul 2018 22:13:44 UTC,Failed,online,card,550.00,AA03,FEE0002,4,550.00,"GOV - App for divorce/nullity of marriage or CP",4481102159,1
Civil Money Claims,2018-15316063963,RC-1531-6063-9632-3245,UNKNOWN,76104706-306f-4952-be8b-08c65893d116,14 Jul 2018 22:13:16 UTC,14 Jul 2018 22:16:37 UTC,Success,online,card,25.00,AA00,FEE0211,3,25.00,"GOV.UK Pay online claims - Money Claim £0-300",4481102133,1
Divorce,2018-15316064311,RC-1531-6064-3116-6745,1531606319268496,null,14 Jul 2018 22:13:51 UTC,14 Jul 2018 22:16:35 UTC,Success,online,card,550.00,AA03,FEE0002,4,550.00,"GOV - App for divorce/nullity of marriage or CP",4481102159,1
Civil Money Claims,2018-15316071686,RC-1531-6071-6874-9335,UNKNOWN,75ee7a62-4253-44cb-bfad-82911a486949,14 Jul 2018 22:26:09 UTC,14 Jul 2018 22:27:31 UTC,Success,online,card,410.00,AA00,FEE0217,1,410.00,"GOV.UK Pay online claims - Money Claim £5000-10000",4481102133,1
Divorce,2018-15316079466,RC-1531-6079-4667-7185,1531607913356273,null,14 Jul 2018 22:39:07 UTC,14 Jul 2018 22:39:07 UTC,Initiated,online,card,550.00,AA02,FEE0002,4,550.00,"GOV - App for divorce/nullity of marriage or CP",4481102159,1
Civil Money Claims,2018-15316089005,RC-1531-6089-0053-7495,UNKNOWN,c6defbb0-a039-4f32-ac2a-d8a35dfe2931,14 Jul 2018 22:55:01 UTC,14 Jul 2018 22:56:49 UTC,Success,online,card,105.00,AA00,FEE0215,3,105.00,"GOV.UK Pay online claims - Money Claim £1500-3000",4481102133,1
Civil Money Claims,2018-15316091438,RC-1531-6091-4381-7395,UNKNOWN,cb7a2a14-ee79-41db-aadb-5041a69be614,14 Jul 2018 22:59:04 UTC,14 Jul 2018 23:01:13 UTC,Success,online,card,25.00,AA00,FEE0211,3,25.00,"GOV.UK Pay online claims - Money Claim £0-300",4481102133,1
